video_id,url,description,hashtags
7614931817753283871,https://www.tiktok.com/@funny.veb5/video/7614931817753283871,#BalliBotMogis #TrendingReels #TrendingReels #Foryoupage ##FYP #FYP #ViralTikTok #MillionViews #TechMagic #SmartBot #AITrend #RobotVibes #Innovation,"#ballibotmogis, #trendingreels, #foryoupage, #fyp, #viraltiktok, #millionviews, #techmagic, #smartbot, #aitrend, #robotvibes, #innovation"
7614931190277000479,https://www.tiktok.com/@funny.veb5/video/7614931190277000479,#BalliBotMogis #TrendingReels #TrendingReels #Foryoupage ##FYP #FYP #ViralTikTok #MillionViews #TechMagic #SmartBot #AITrend #RobotVibes #Innovation,"#ballibotmogis, #trendingreels, #foryoupage, #fyp, #viraltiktok, #millionviews, #techmagic, #smartbot, #aitrend, #robotvibes, #innovation"
7614931080822541598,https://www.tiktok.com/@funny.veb5/video/7614931080822541598,#BalliBotMogis #TrendingReels #TrendingReels #Foryoupage ##FYP #FYP #ViralTikTok #MillionViews #TechMagic #SmartBot #AITrend #RobotVibes #Innovation,"#ballibotmogis, #trendingreels, #foryoupage, #fyp, #viraltiktok, #millionviews, #techmagic, #smartbot, #aitrend, #robotvibes, #innovation"
7614930768825011486,https://www.tiktok.com/@funny.veb5/video/7614930768825011486,#BalliBotMogis #TrendingReels #TrendingReels #Foryoupage ##FYP #FYP #ViralTikTok #MillionViews #TechMagic #SmartBot #AITrend #RobotVibes #Innovation,"#ballibotmogis, #trendingreels, #foryoupage, #fyp, #viraltiktok, #millionviews, #techmagic, #smartbot, #aitrend, #robotvibes, #innovation"
7614930663988366623,https://www.tiktok.com/@funny.veb5/video/7614930663988366623,#BalliBotMogis #TrendingReels #TrendingReels #Foryoupage ##FYP #FYP #ViralTikTok #MillionViews #TechMagic #SmartBot #AITrend #RobotVibes #Innovation,"#ballibotmogis, #trendingreels, #foryoupage, #fyp, #viraltiktok, #millionviews, #techmagic, #smartbot, #aitrend, #robotvibes, #innovation"
7614930087900646687,https://www.tiktok.com/@funny.veb5/video/7614930087900646687,#BalliBotMogis #TrendingReels #TrendingReels #Foryoupage ##FYP #FYP #ViralTikTok #MillionViews #TechMagic #SmartBot #AITrend #RobotVibes #Innovation,"#ballibotmogis, #trendingreels, #foryoupage, #fyp, #viraltiktok, #millionviews, #techmagic, #smartbot, #aitrend, #robotvibes, #innovation"
7614889218493517086,https://www.tiktok.com/@funny.veb5/video/7614889218493517086,#BalliBotMogis #TrendingReels #TrendingReels #Foryoupage ##FYP #FYP #ViralTikTok #MillionViews #TechMagic #SmartBot #AITrend #RobotVibes #Innovation,"#ballibotmogis, #trendingreels, #foryoupage, #fyp, #viraltiktok, #millionviews, #techmagic, #smartbot, #aitrend, #robotvibes, #innovation"
7614889064667352350,https://www.tiktok.com/@funny.veb5/video/7614889064667352350,#BalliBotMogis #TrendingReels #TrendingReels #Foryoupage ##FYP #FYP #ViralTikTok #MillionViews #TechMagic #SmartBot #AITrend #RobotVibes #Innovation,"#ballibotmogis, #trendingreels, #foryoupage, #fyp, #viraltiktok, #millionviews, #techmagic, #smartbot, #aitrend, #robotvibes, #innovation"
7614887945224441118,https://www.tiktok.com/@funny.veb5/video/7614887945224441118,#BalliBotMogis #TrendingReels #TrendingReels #Foryoupage ##FYP #FYP #ViralTikTok #MillionViews #TechMagic #SmartBot #AITrend #RobotVibes #Innovation,"#ballibotmogis, #trendingreels, #foryoupage, #fyp, #viraltiktok, #millionviews, #techmagic, #smartbot, #aitrend, #robotvibes, #innovation"
7614887889087827231,https://www.tiktok.com/@funny.veb5/video/7614887889087827231,#BalliBotMogis #TrendingReels #TrendingReels #Foryoupage ##FYP #FYP #ViralTikTok #MillionViews #TechMagic #SmartBot #AITrend #RobotVibes #Innovation,"#ballibotmogis, #trendingreels, #foryoupage, #fyp, #viraltiktok, #millionviews, #techmagic, #smartbot, #aitrend, #robotvibes, #innovation"
7614887738575260959,https://www.tiktok.com/@funny.veb5/video/7614887738575260959,#BalliBotMogis #TrendingReels #TrendingReels #Foryoupage ##FYP #FYP #ViralTikTok #MillionViews #TechMagic #SmartBot #AITrend #RobotVibes #Innovation,"#ballibotmogis, #trendingreels, #foryoupage, #fyp, #viraltiktok, #millionviews, #techmagic, #smartbot, #aitrend, #robotvibes, #innovation"
7614887663165885726,https://www.tiktok.com/@funny.veb5/video/7614887663165885726,#BalliBotMogis #TrendingReels #TrendingReels #Foryoupage ##FYP #FYP #ViralTikTok #MillionViews #TechMagic #SmartBot #AITrend #RobotVibes #Innovation,"#ballibotmogis, #trendingreels, #foryoupage, #fyp, #viraltiktok, #millionviews, #techmagic, #smartbot, #aitrend, #robotvibes, #innovation"
7614875249108061471,https://www.tiktok.com/@funny.veb5/video/7614875249108061471,#BalliBotMogis #TrendingReels #TrendingReels #Foryoupage ##FYP #FYP #ViralTikTok #MillionViews #TechMagic #SmartBot #AITrend #RobotVibes #Innovation,"#ballibotmogis, #trendingreels, #foryoupage, #fyp, #viraltiktok, #millionviews, #techmagic, #smartbot, #aitrend, #robotvibes, #innovation"
7614875189876247839,https://www.tiktok.com/@funny.veb5/video/7614875189876247839,#BalliBotMogis #TrendingReels #TrendingReels #Foryoupage ##FYP #FYP #ViralTikTok #MillionViews #TechMagic #SmartBot #AITrend #RobotVibes #Innovation,"#ballibotmogis, #trendingreels, #foryoupage, #fyp, #viraltiktok, #millionviews, #techmagic, #smartbot, #aitrend, #robotvibes, #innovation"
7614875135215963423,https://www.tiktok.com/@funny.veb5/video/7614875135215963423,#BalliBotMogis #TrendingReels #TrendingReels #Foryoupage ##FYP #FYP #ViralTikTok #MillionViews #TechMagic #SmartBot #AITrend #RobotVibes #Innovation,"#ballibotmogis, #trendingreels, #foryoupage, #fyp, #viraltiktok, #millionviews, #techmagic, #smartbot, #aitrend, #robotvibes, #innovation"
7614874968182115614,https://www.tiktok.com/@funny.veb5/video/7614874968182115614,#BalliBotMogis #TrendingReels #TrendingReels #Foryoupage ##FYP #FYP #ViralTikTok #MillionViews #TechMagic #SmartBot #AITrend #RobotVibes #Innovation,"#ballibotmogis, #trendingreels, #foryoupage, #fyp, #viraltiktok, #millionviews, #techmagic, #smartbot, #aitrend, #robotvibes, #innovation"
7614875015107988766,https://www.tiktok.com/@funny.veb5/video/7614875015107988766,#BalliBotMogis #TrendingReels #TrendingReels #Foryoupage ##FYP #FYP #ViralTikTok #MillionViews #TechMagic #SmartBot #AITrend #RobotVibes #Innovation,"#ballibotmogis, #trendingreels, #foryoupage, #fyp, #viraltiktok, #millionviews, #techmagic, #smartbot, #aitrend, #robotvibes, #innovation"
7614874765613894943,https://www.tiktok.com/@funny.veb5/video/7614874765613894943,#BalliBotMogis #TrendingReels #TrendingReels #Foryoupage ##FYP #FYP #ViralTikTok #MillionViews #TechMagic #SmartBot #AITrend #RobotVibes #Innovation,"#ballibotmogis, #trendingreels, #foryoupage, #fyp, #viraltiktok, #millionviews, #techmagic, #smartbot, #aitrend, #robotvibes, #innovation"
7614874395407879454,https://www.tiktok.com/@funny.veb5/video/7614874395407879454,#BalliBotMogis #TrendingReels #TrendingReels #Foryoupage ##FYP #FYP #ViralTikTok #MillionViews #TechMagic #SmartBot #AITrend #RobotVibes #Innovation,"#ballibotmogis, #trendingreels, #foryoupage, #fyp, #viraltiktok, #millionviews, #techmagic, #smartbot, #aitrend, #robotvibes, #innovation"
7614874101391346974,https://www.tiktok.com/@funny.veb5/video/7614874101391346974,#BalliBotMogis #TrendingReels #TrendingReels #Foryoupage ##FYP #FYP #ViralTikTok #MillionViews #TechMagic #SmartBot #AITrend #RobotVibes #Innovation,"#ballibotmogis, #trendingreels, #foryoupage, #fyp, #viraltiktok, #millionviews, #techmagic, #smartbot, #aitrend, #robotvibes, #innovation"
7614873834327428383,https://www.tiktok.com/@funny.veb5/video/7614873834327428383,#BalliBotMogis #TrendingReels #TrendingReels #Foryoupage ##FYP #FYP #ViralTikTok #MillionViews #TechMagic #SmartBot #AITrend #RobotVibes #Innovation,"#ballibotmogis, #trendingreels, #foryoupage, #fyp, #viraltiktok, #millionviews, #techmagic, #smartbot, #aitrend, #robotvibes, #innovation"
7614689129829256479,https://www.tiktok.com/@funny.veb5/video/7614689129829256479,#BalliBotMogis #TrendingReels #TrendingReels #Foryoupage ##FYP #FYP #ViralTikTok #MillionViews #TechMagic #SmartBot #AITrend #RobotVibes #Innovation,"#ballibotmogis, #trendingreels, #foryoupage, #fyp, #viraltiktok, #millionviews, #techmagic, #smartbot, #aitrend, #robotvibes, #innovation"
7614688626370186527,https://www.tiktok.com/@funny.veb5/video/7614688626370186527,,
7614688484787309855,https://www.tiktok.com/@funny.veb5/video/7614688484787309855,#BalliBotMogis #TrendingReels #TrendingReels #Foryoupage ##FYP #FYP #ViralTikTok #MillionViews #TechMagic #SmartBot #AITrend #RobotVibes #Innovation,"#ballibotmogis, #trendingreels, #foryoupage, #fyp, #viraltiktok, #millionviews, #techmagic, #smartbot, #aitrend, #robotvibes, #innovation"
7614688298182659359,https://www.tiktok.com/@funny.veb5/video/7614688298182659359,#BalliBotMogis #TrendingReels #TrendingReels #Foryoupage ##FYP #FYP #ViralTikTok #MillionViews #TechMagic #SmartBot #AITrend #RobotVibes #Innovation,"#ballibotmogis, #trendingreels, #foryoupage, #fyp, #viraltiktok, #millionviews, #techmagic, #smartbot, #aitrend, #robotvibes, #innovation"
7614687963863076127,https://www.tiktok.com/@funny.veb5/video/7614687963863076127,#BalliBotMogis #TrendingReels #TrendingReels #Foryoupage ##FYP #FYP #ViralTikTok #MillionViews #TechMagic #SmartBot #AITrend #RobotVibes #Innovation,"#ballibotmogis, #trendingreels, #foryoupage, #fyp, #viraltiktok, #millionviews, #techmagic, #smartbot, #aitrend, #robotvibes, #innovation"
7614527092323028254,https://www.tiktok.com/@funny.veb5/video/7614527092323028254,#BalliBotMogis #TrendingReels #TrendingReels #Foryoupage ##FYP #FYP #ViralTikTok #MillionViews #TechMagic #SmartBot #AITrend #RobotVibes #Innovation,"#ballibotmogis, #trendingreels, #foryoupage, #fyp, #viraltiktok, #millionviews, #techmagic, #smartbot, #aitrend, #robotvibes, #innovation"
7614526633730444574,https://www.tiktok.com/@funny.veb5/video/7614526633730444574,#BalliBotMogis #TrendingReels #TrendingReels #Foryoupage ##FYP #FYP #ViralTikTok #MillionViews #TechMagic #SmartBot #AITrend #RobotVibes #Innovation,"#ballibotmogis, #trendingreels, #foryoupage, #fyp, #viraltiktok, #millionviews, #techmagic, #smartbot, #aitrend, #robotvibes, #innovation"
7614526556353875231,https://www.tiktok.com/@funny.veb5/video/7614526556353875231,#BalliBotMogis #TrendingReels #TrendingReels #Foryoupage ##FYP #FYP #ViralTikTok #MillionViews #TechMagic #SmartBot #AITrend #RobotVibes #Innovation,"#ballibotmogis, #trendingreels, #foryoupage, #fyp, #viraltiktok, #millionviews, #techmagic, #smartbot, #aitrend, #robotvibes, #innovation"
7614526409364491550,https://www.tiktok.com/@funny.veb5/video/7614526409364491550,#BalliBotMogis #TrendingReels #TrendingReels #Foryoupage ##FYP #FYP #ViralTikTok #MillionViews #TechMagic #SmartBot #AITrend #RobotVibes #Innovation,"#ballibotmogis, #trendingreels, #foryoupage, #fyp, #viraltiktok, #millionviews, #techmagic, #smartbot, #aitrend, #robotvibes, #innovation"
